run_name,preprocessing,query_processor,chunk_size,overlap,top_k,top_n,reranking_threshold,context_recall,faithfulness,answer_relevancy,answer_correctness
gemini__no_processing,gemini,NoProcessingProcessor,1,0,9,3,0.1,0.711111111111111,0.6666666666666666,0.6975756685006413,0.4601689655621222
gemini__hyde,gemini,HyDEQueryProcessor,1,0,9,3,0.1,0.7333333333333333,0.5666666666666667,0.6913242942142747,0.44236401159143507
gemini__cot,gemini,CoTQueryProcessor,1,0,9,3,0.1,0.7666666666666667,0.6,0.6458565881459768,0.4746784357050951
gemini_direct_llm__no_processing,gemini_direct_llm,NoProcessingProcessor,1,0,9,3,0.1,0.7,0.8111111111111111,0.5485374949248015,0.5293964520546323
gemini_direct_llm__hyde,gemini_direct_llm,HyDEQueryProcessor,1,0,9,3,0.1,0.8333333333333334,0.831111111111111,0.5314252867157401,0.5939031399291552
gemini_direct_llm__cot,gemini_direct_llm,CoTQueryProcessor,1,0,9,3,0.1,0.7555555555555556,0.8244444444444443,0.5660978486544208,0.4886984323638169